FileName,Assert_Count,Debug_Count
pmi2_pmap_parser.c,18,0
pmix_hotel.c,1,0
pmix_hotel.h,6,0
pmix_list.c,5,0
pmix_list.h,21,0
pmix_object.c,1,0
pmix_object.h,9,3
pmix_pointer_array.c,16,0
pmix_portable_platform_real.h,4,0
pmix_mca_base_alias.c,2,0
pmix_mca_base_close.c,1,0
pmix_mca_base_component_find.c,1,0
pmix_mca_base_component_repository.c,1,0
pmix_mca_base_framework.c,4,0
pmix_mca_base_var.c,7,0
pmix_mca_base_var_enum.c,4,0
pmix_mca_base_var_group.c,1,0
pdl_pdlopen_module.c,7,0
pdl_libltdl_module.c,8,0
pmix_progress_threads.c,4,0
support.c,1,0
pmix_environ.c,1,0
pmix_string_copy.c,1,0
pmix_vmem.c,1,0
timings.c,5,0
test_server.c,3,0
test_pmix.c,7,0
base64_enc_dec.c,1,0
test_clientapp_funcs.c,1,0
test_server.c,4,0
prte_portable_platform_real.h,4,0
prte_mca_base_alias.c,2,0
prte_mca_base_close.c,1,0
prte_mca_base_component_find.c,1,0
prte_mca_base_component_repository.c,1,0
prte_mca_base_framework.c,4,0
prte_mca_base_var.c,8,0
prte_mca_base_var_enum.c,5,0
prte_mca_base_var_group.c,1,0
oob_tcp_connection.c,1,0
oob_tcp_sendrecv.c,1,0
plm_base_receive.c,1,4
prtedl_dlopen_module.c,7,0
prtedl_libltdl_module.c,8,0
pmix-internal.h,1,0
prte_progress_threads.c,4,0
bipartite_graph.c,15,0
string_copy.c,1,0
ad_daos_hhash.c,4,0
ad_daos_open.c,1,0
ad_bg_pset.c,3,0
ad_ime_close.c,1,0
ad_ime_fcntl.c,1,0
ad_ime_open.c,1,0
ad_pvfs2_io_dtype.c,1,0
ad_pvfs2_io_list.c,3,0
ad_aggregate_new.c,1,0
ad_coll_build_req_new.c,20,0
ad_coll_exch_new.c,2,0
heap_sort.c,1,0
mpl_dbg.h,1,0
mpl_thread_argobots.h,1,0
mpl_gavl.c,2,0
mpl_gpu_cuda.c,7,0
mpl_trmem.c,1,0
mpl_sockaddr.c,5,0
mpl_arg_serial.c,3,0
strsep.c,23,0
tm_bucket.c,5,0
tm_kpartitioning.c,1,0
tm_mapping.c,1,0
tm_tree.c,4,0
btl_tcp2_endpoint.c,2,0
btl_tcp2_frag.h,1,0
btl_tcp2_proc.c,1,0
attribute.c,4,0
comm_init.c,3,1
comm_ft_detector.c,18,0
comm_ft_reliable_bcast.c,9,0
ompi_datatype_args.c,7,0
ompi_datatype_module.c,1,1
dpm.c,2,0
errhandler.c,2,0
group.h,2,0
info.c,2,5
coll_base_allreduce.c,1,0
coll_base_bcast.c,1,0
coll_base_frame.c,1,0
coll_base_reduce.c,1,0
coll_base_util.h,1,0
coll_basic_bcast.c,1,0
coll_ftagree_earlyreturning.c,75,15
coll_ftagree_earlyterminating.c,8,0
coll_han_dynamic.c,1,0
coll_han_topo.c,2,0
coll_hcoll_dtypes.h,1,0
coll_hcoll_ops.c,1,0
coll_hcoll_rte.c,2,0
nbc_ialltoall.c,1,0
coll_portals4_component.c,2,0
common_monitoring_coll.c,1,0
mtl_ofi.h,11,0
mtl_portals4_recv.c,2,0
mtl_portals4_send.c,2,0
mtl_psm2.c,1,0
mtl_psm2_send.c,2,0
osc_base_obj_convert.c,2,0
osc_portals4.h,1,0
osc_portals4_comm.c,3,0
osc_rdma.h,8,0
osc_rdma_btl_comm.h,1,0
osc_rdma_component.c,7,0
osc_rdma_dynamic.c,2,0
osc_rdma_peer.c,1,0
osc_sm_component.c,1,0
osc_ucx_comm.c,6,0
osc_ucx_component.c,6,0
osc_ucx_passive_target.c,6,0
osc_ucx_request.c,1,0
pml_base_bsend.c,1,0
pml_cm_recvreq.c,1,0
pml_cm_recvreq.h,2,0
pml_cm_sendreq.c,1,0
pml_cm_sendreq.h,2,0
pml_ob1_comm.c,1,0
pml_ob1_cuda.c,3,0
pml_ob1_hdr.h,2,0
pml_ob1_irecv.c,2,0
pml_ob1_progress.c,1,0
pml_ob1_recvfrag.c,4,0
pml_ob1_recvreq.c,2,0
pml_ob1_sendreq.c,2,0
pml_ob1_sendreq.h,1,0
pml_v_output.h,3,0
topo_base_cart_create.c,1,0
topo_base_cart_sub.c,1,0
topo_base_dist_graph_create.c,1,0
topo_base_dist_graph_create_adjacent.c,1,0
topo_base_graph_create.c,1,0
topo_treematch_dist_graph_create.c,8,0
vprotocol_pessimist_eventlog.c,2,0
vprotocol_pessimist_eventlog.h,2,0
vprotocol_pessimist_request.c,1,0
vprotocol_pessimist_sender_based.c,2,0
vprotocol_pessimist_sender_based.h,2,0
isendrecv.c,1,0
isendrecv_replace.c,1,0
align_c.c,1,0
mpi_Comm.c,18,0
mpi_MPI.c,8,0
netpatterns_knomial_tree.c,8,0
netpatterns_knomial_tree.h,1,0
proc.h,7,0
request.c,2,0
request.h,1,0
req_ft.c,2,0
req_wait.c,5,0
ompi_info_support.c,1,0
ompi_mpi_abort.c,2,0
ompi_mpi_dynamics.c,1,0
opal_free_list.c,1,0
opal_hotel.c,1,0
opal_hotel.h,6,0
opal_interval_tree.c,4,0
opal_list.c,5,0
opal_list.h,21,0
opal_object.c,1,0
opal_object.h,11,2
opal_pointer_array.c,16,0
common_cuda.c,4,0
opal_convertor.c,6,0
opal_convertor.h,1,0
opal_convertor_raw.c,3,1
opal_copy_functions_heterogeneous.c,3,0
opal_datatype_add.c,2,0
opal_datatype_clone.c,2,0
opal_datatype_copy.h,4,0
opal_datatype_fake_stack.c,5,0
opal_datatype_get_count.c,1,0
opal_datatype_internal.h,1,6
opal_datatype_optimize.c,4,0
opal_datatype_pack.c,7,1
opal_datatype_pack.h,4,0
opal_datatype_position.c,4,1
opal_datatype_unpack.c,15,1
opal_datatype_unpack.h,4,0
opal_portable_platform_real.h,4,0
mca_base_alias.c,2,0
mca_base_close.c,1,0
mca_base_component_find.c,1,0
mca_base_component_repository.c,1,0
mca_base_framework.c,4,0
mca_base_pvar.c,3,0
mca_base_var.c,8,0
mca_base_var_enum.c,5,0
mca_base_var_group.c,1,0
btl_base_am_rdma.c,6,0
btl_base_mca.c,1,0
btl_ofi_context.c,1,0
btl_ofi_module.c,1,0
btl_ofi_rdma.c,4,0
btl_portals4.c,1,0
btl_portals4_frag.h,3,0
btl_sm_component.c,1,0
btl_sm_fifo.h,2,0
btl_sm_module.c,1,0
btl_sm_sendi.c,1,0
btl_smcuda.c,2,0
btl_smcuda_component.c,1,0
btl_smcuda_fifo.h,1,0
btl_tcp_component.c,3,0
btl_tcp_endpoint.c,10,0
btl_uct_am.c,4,0
btl_uct_endpoint.c,2,0
btl_uct_endpoint.h,2,0
btl_uct_tl.c,2,0
btl_ugni_component.c,2,0
btl_ugni_endpoint.c,4,0
btl_ugni_frag.h,1,0
btl_ugni_get.c,2,0
btl_ugni_send.c,1,0
btl_ugni_smsg.c,2,0
btl_ugni_smsg.h,2,0
btl_usnic_ack.c,2,0
btl_usnic_cagent.c,2,0
btl_usnic_cclient.c,3,0
btl_usnic_compat.c,9,0
btl_usnic_component.c,4,2
btl_usnic_endpoint.c,1,0
btl_usnic_frag.c,7,0
btl_usnic_frag.h,17,0
btl_usnic_hwloc.c,4,0
btl_usnic_module.c,28,0
btl_usnic_proc.c,8,0
btl_usnic_recv.c,2,0
btl_usnic_recv.h,2,0
btl_usnic_send.c,1,0
btl_usnic_send.h,7,0
btl_usnic_stats.c,6,0
btl_usnic_test.c,1,0
btl_usnic_util.c,4,0
usnic_btl_run_tests.c,1,0
common_ofi.c,2,0
common_ucx.c,2,0
common_ucx_wpool.c,5,0
common_ucx_wpool.h,1,0
dl_dlopen_module.c,7,0
dl_libltdl_module.c,8,0
pmix-internal.h,1,5
rcache_grdma_module.c,2,0
rcache_rgpusm_module.c,11,0
rcache_udreg_module.c,2,0
smsc_xpmem_module.c,1,0
tsd.h,1,0
wait_sync.h,2,0
threads_argobots_mutex.h,3,0
mutex.c,2,2
tsd.c,2,0
threads_pthreads_mutex.h,10,0
opal_finalize.c,2,0
opal_info_support.c,1,0
opal_progress_threads.c,2,0
arch.c,1,0
bipartite_graph.c,15,0
string_copy.c,1,0
atomic_ucx_cswap.c,2,0
atomic_ucx_module.c,4,0
memheap_base_alloc.c,3,0
memheap_base_mkey.c,9,0
memheap_base_static.c,3,0
memheap_buddy.c,1,0
malloc.c,1,0
spml_ucx.c,9,0
sshmem_base_wrappers.c,1,0
sshmem_mmap_module.c,4,0
sshmem_sysv_module.c,4,0
sshmem_ucx_module.c,3,0
sshmem_ucx_shadow.c,9,0
proc.c,2,0
request.c,2,0
shmem_info.c,1,0
oshmem_util.c,4,0
debugger.c,0,7
pmix_types.h,0,1
mutex.c,0,2
pmix_mutex_unix.h,0,3
pmix_threads.h,0,6
thread.c,0,1
pmix_output.c,0,2
pmix_output.h,0,1
direct-multi.c,0,2
direct.c,0,2
event-internal.h,0,1
ess_base_std_prted.c,0,1
ess_hnp_module.c,0,1
plm_alps_component.c,0,1
plm_alps_module.c,0,1
plm_base_launch_support.c,0,3
plm_slurm_module.c,0,1
plm_ssh_module.c,0,2
rmaps_base_map_job.c,0,1
state_base_fns.c,0,3
state_dvm.c,0,3
state_prted.c,0,3
prted_comm.c,0,15
prte_finalize.c,0,1
prte_globals.c,0,14
prte_globals.h,0,9
prte_init.c,0,3
prte_mca_params.c,0,11
prte_wait.h,0,3
runtime.h,0,2
prte.c,0,3
prted.c,0,15
malloc.c,0,10
malloc.h,0,2
output.c,0,2
output.h,0,1
session_dir.c,0,13
show_help.c,0,1
ad_pvfs2_hints.c,0,5
ompi_datatype.h,0,1
debuggers.h,0,5
ompi_common_dll.c,0,1
ompi_debuggers.c,0,8
ompi_msgq_dll.c,0,3
file.c,0,3
info.h,0,1
instance.c,0,3
coll_ftagree.h,0,1
coll_ftagree_component.c,0,2
coll_hcoll.h,0,1
coll_ucc.h,0,1
common_monitoring.c,0,1
pml_v_output.c,0,1
ompi_mpi_init.c,0,1
ompi_mpi_params.c,0,10
ompi_rte.c,0,1
ompi_rte.h,0,2
params.h,0,3
win.c,0,1
opal_datatype.h,0,1
opal_datatype_copy.c,0,1
opal_datatype_module.c,0,16
btl_usnic.h,0,1
mutex.h,0,3
threads.h,0,4
threads_base.c,0,1
opal_params.c,0,4
opal_params.h,0,1
opal_progress.c,0,2
event.c,0,1
event.h,0,1
malloc.c,0,10
malloc.h,0,2
output.c,0,2
output.h,0,1
win_compat.h,0,2
scoll_mpi.h,0,1
scoll_ucc.h,0,1
scoll_ucc_module.c,0,1
